[
  {
    "kb_id": "7a6cc1282c5f6ec0235acd2bfa780145aa2a67fd",
    "kb_title": "Título 01",
    "kb_body": "Este artigo é um teste para uma base de conhecimento.",
    "kb_permalink": "titulo01",
    "kb_keywords": "teste",
    "kb_liked_count": "10",
    "kb_published": "on",
    "kb_suggestion": "on",
    "kb_featured": "on",
    "kb_author_email": "andre.ruaro@unesc.net",
    "kb_published_date": "2023-08-30"
  },
  {
    "kb_id": "1",
    "kb_title": "Título 1",
    "kb_body": "BODY 1.",
    "kb_permalink": "titulo1",
    "kb_keywords": "teste",
    "kb_liked_count": "11",
    "kb_published": "on",
    "kb_suggestion": "on",
    "kb_featured": "on",
    "kb_author_email": "andre.ruaro@unesc.net",
    "kb_published_date": "2023-08-30"
  },
  {
    "kb_id": "2",
    "kb_title": "Título 2",
    "kb_body": "BODY 2.",
    "kb_permalink": "titulo2",
    "kb_keywords": "teste",
    "kb_liked_count": "12",
    "kb_published": "on",
    "kb_suggestion": "on",
    "kb_featured": "off",
    "kb_author_email": "andre.ruaro@unesc.net",
    "kb_published_date": "2023-08-30"
  },
  {
    "kb_id": "8344b5ccdff9c85ba0ba390fb2118f30625ae74fc00ae858c8ddc51214809b27",
    "kb_title": "picles",
    "kb_body": "picles",
    "kb_permalink": "picles",
    "kb_liked_count": "0",
    "kb_published": "on",
    "kb_sugestion": "off",
    "kb_featured": "off",
    "kb_author_email": "Placeholder",
    "kb_published_date": "2023-9-16"
  },
  {
    "kb_id": "251e650ac211577b0c4c93a02b055351a7e1773e2c67b56acfd309cdf4053b82",
    "kb_title": "Rogerio",
    "kb_body": "Rogerio",
    "kb_permalink": "Rogerio",
    "kb_liked_count": "0",
    "kb_published": "on",
    "kb_sugestion": "off",
    "kb_featured": "off",
    "kb_author_email": "Placeholder",
    "kb_published_date": "2023-9-16"
  }
]
