[
  {
    "author_id": "7a6cc1282c5f6ec0235acd2bfa780145aa2a67fd",
    "author_name": "Andre Faria Ruaro",
    "author_email": "andre.ruaro@unesc.net",
    "author_user": "andre.ruaro",
    "author_pwd": "7a6cc1282c5f6ec0235acd2bfa780145aaskem5n",
    "author_level": "admin",
    "author_status": "on"
  },
  {
    "author_name": "asd",
    "author_user": "asd",
    "author_pwd": "asd",
    "author_email": "asd",
    "author_level": "admin",
    "author_status": "on",
    "author_id": "688787d8ff144c502c7f5cffaafe2cc588d86079f9de88304c26b0cb99ce91c6"
  },
  {
    "author_id": "a665a45920422f9d417e4867efdc4fb8a04a1f3fff1fa07e998e86f7f7a27ae3",
    "author_name": "123",
    "author_user": "123",
    "author_pwd": "123",
    "author_email": "123",
    "author_level": "admin",
    "author_status": "on"
  },
  {
    "author_id": "23b08b1f0931fbbe958732cab9791d30ecc1e35a4c6276cc1c3c03643a611837",
    "author_name": "picles",
    "author_user": "picles",
    "author_pwd": "picles",
    "author_email": "picles",
    "author_level": "admin",
    "author_status": "on"
  },
  {
    "author_id": "4d19ca423b81636be03a8aa57b598780cd80b36adb715312d7926e05b7f5a077",
    "author_name": "jabulani",
    "author_user": "jabulani",
    "author_pwd": "jabulani",
    "author_email": "jabulani",
    "author_level": "user",
    "author_status": "on"
  }
]
